{
  "1": {
    "inputs": {
      "ckpt_name": "NetaYumev35_pretrained_all_in_one.safetensors"
    },
    "class_type": "CheckpointLoaderSimple",
    "_meta": {
      "title": "Load Checkpoint"
    }
  },
  "2": {
    "inputs": {
      "width": 1024,
      "height": 1024,
      "batch_size": 1
    },
    "class_type": "EmptySD3LatentImage",
    "_meta": {
      "title": "Empty SD3 Latent Image"
    }
  },
  "3": {
    "inputs": {
      "text": "default prompt",
      "clip": ["1", 1]
    },
    "class_type": "CLIPTextEncode",
    "_meta": {
      "title": "CLIP Text Encode (Positive Prompt)"
    }
  },
  "4": {
    "inputs": {
      "text": "blurry, worst quality, low quality, jpeg artifacts, signature, watermark, username, error, deformed hands, bad anatomy, extra limbs, poorly drawn hands, poorly drawn face, mutation, deformed, extra eyes, extra arms, extra legs, malformed limbs, fused fingers, too many fingers, long neck, cross-eyed, bad proportions, missing arms, missing legs, extra digit, fewer digits, cropped",
      "clip": ["1", 1]
    },
    "class_type": "CLIPTextEncode",
    "_meta": {
      "title": "CLIP Text Encode (Negative Prompt)"
    }
  },
  "5": {
    "inputs": {
      "model": ["1", 0],
      "shift": 4
    },
    "class_type": "ModelSamplingAuraFlow",
    "_meta": {
      "title": "Model Sampling AuraFlow"
    }
  },
  "6": {
    "inputs": {
      "seed": 12345,
      "steps": 30,
      "cfg": 4,
      "sampler_name": "res_multistep",
      "scheduler": "simple",
      "denoise": 1,
      "model": ["5", 0],
      "positive": ["3", 0],
      "negative": ["4", 0],
      "latent_image": ["2", 0]
    },
    "class_type": "KSampler",
    "_meta": {
      "title": "KSampler"
    }
  },
  "7": {
    "inputs": {
      "samples": ["6", 0],
      "vae": ["1", 2]
    },
    "class_type": "VAEDecode",
    "_meta": {
      "title": "VAE Decode"
    }
  },
  "8": {
    "inputs": {
      "filename_prefix": "ComfyUI",
      "images": ["7", 0]
    },
    "class_type": "SaveImage",
    "_meta": {
      "title": "Save Image"
    }
  }
}
