{
  "id": "92112d97-bb64-4b44-86f2-ea5691ef8f6e",
  "revision": 0,
  "last_node_id": 27,
  "last_link_id": 51,
  "nodes": [
    {
      "id": 8,
      "type": "VAEDecode",
      "pos": [1209, 188],
      "size": [210, 46],
      "flags": {},
      "order": 9,
      "mode": 0,
      "inputs": [
        {
          "localized_name": "잠재 데이터",
          "name": "samples",
          "type": "LATENT",
          "link": 51
        },
        { "localized_name": "vae", "name": "vae", "type": "VAE", "link": 45 }
      ],
      "outputs": [
        {
          "localized_name": "이미지",
          "name": "IMAGE",
          "type": "IMAGE",
          "slot_index": 0,
          "links": [16]
        }
      ],
      "properties": {
        "cnr_id": "comfy-core",
        "ver": "0.3.75",
        "Node name for S&R": "VAEDecode"
      },
      "widgets_values": []
    },
    {
      "id": 9,
      "type": "SaveImage",
      "pos": [1454.93896484375, 190.9700164794922],
      "size": [976.0567626953125, 1060.9766845703125],
      "flags": {},
      "order": 10,
      "mode": 0,
      "inputs": [
        {
          "localized_name": "이미지",
          "name": "images",
          "type": "IMAGE",
          "link": 16
        },
        {
          "localized_name": "파일명 접두사",
          "name": "filename_prefix",
          "type": "STRING",
          "widget": { "name": "filename_prefix" },
          "link": null
        }
      ],
      "outputs": [],
      "properties": { "cnr_id": "comfy-core", "ver": "0.3.75" },
      "widgets_values": ["ComfyUI"]
    },
    {
      "id": 15,
      "type": "Note",
      "pos": [71.95149993896484, 192.96051025390625],
      "size": [319.26513671875, 197.89625549316406],
      "flags": {},
      "order": 0,
      "mode": 0,
      "inputs": [],
      "outputs": [],
      "properties": {},
      "widgets_values": [
        "The \"You are an assistant... <Prompt Start> \" text before the actual prompt is the one used in the official example.\n\nThe reason it is exposed to the user like this is because the model still works if you modify or remove it."
      ],
      "color": "#432",
      "bgcolor": "#653"
    },
    {
      "id": 17,
      "type": "VAELoader",
      "pos": [71.22825209024009, 614.4132208648346],
      "size": [270, 58],
      "flags": {},
      "order": 1,
      "mode": 0,
      "inputs": [
        {
          "localized_name": "vae 파일명",
          "name": "vae_name",
          "type": "COMBO",
          "widget": { "name": "vae_name" },
          "link": null
        }
      ],
      "outputs": [
        { "localized_name": "VAE", "name": "VAE", "type": "VAE", "links": [45] }
      ],
      "properties": {
        "cnr_id": "comfy-core",
        "ver": "0.3.75",
        "Node name for S&R": "VAELoader"
      },
      "widgets_values": ["ae.safetensors"]
    },
    {
      "id": 13,
      "type": "EmptySD3LatentImage",
      "pos": [530, 620],
      "size": [315, 106],
      "flags": {},
      "order": 2,
      "mode": 0,
      "inputs": [
        {
          "localized_name": "너비",
          "name": "width",
          "type": "INT",
          "widget": { "name": "width" },
          "link": null
        },
        {
          "localized_name": "높이",
          "name": "height",
          "type": "INT",
          "widget": { "name": "height" },
          "link": null
        },
        {
          "localized_name": "배치 크기",
          "name": "batch_size",
          "type": "INT",
          "widget": { "name": "batch_size" },
          "link": null
        }
      ],
      "outputs": [
        {
          "localized_name": "잠재 데이터",
          "name": "LATENT",
          "type": "LATENT",
          "slot_index": 0,
          "links": [17]
        }
      ],
      "properties": {
        "cnr_id": "comfy-core",
        "ver": "0.3.75",
        "Node name for S&R": "EmptySD3LatentImage"
      },
      "widgets_values": [1024, 1024, 1]
    },
    {
      "id": 7,
      "type": "CLIPTextEncode",
      "pos": [420, 400],
      "size": [425.27801513671875, 180.6060791015625],
      "flags": {},
      "order": 6,
      "mode": 0,
      "inputs": [
        {
          "localized_name": "clip",
          "name": "clip",
          "type": "CLIP",
          "link": 44
        },
        {
          "localized_name": "프롬프트 텍스트",
          "name": "text",
          "type": "STRING",
          "widget": { "name": "text" },
          "link": null
        }
      ],
      "outputs": [
        {
          "localized_name": "조건",
          "name": "CONDITIONING",
          "type": "CONDITIONING",
          "slot_index": 0,
          "links": [6]
        }
      ],
      "title": "CLIP Text Encode (Negative Prompt)",
      "properties": {
        "cnr_id": "comfy-core",
        "ver": "0.3.75",
        "Node name for S&R": "CLIPTextEncode"
      },
      "widgets_values": ["blurry ugly bad"],
      "color": "#322",
      "bgcolor": "#533"
    },
    {
      "id": 18,
      "type": "CLIPLoader",
      "pos": [80, 460],
      "size": [270, 106],
      "flags": {},
      "order": 3,
      "mode": 0,
      "inputs": [
        {
          "localized_name": "CLIP 파일명",
          "name": "clip_name",
          "type": "COMBO",
          "widget": { "name": "clip_name" },
          "link": null
        },
        {
          "localized_name": "유형",
          "name": "type",
          "type": "COMBO",
          "widget": { "name": "type" },
          "link": null
        },
        {
          "localized_name": "장치",
          "name": "device",
          "shape": 7,
          "type": "COMBO",
          "widget": { "name": "device" },
          "link": null
        }
      ],
      "outputs": [
        {
          "localized_name": "CLIP",
          "name": "CLIP",
          "type": "CLIP",
          "links": [43, 44]
        }
      ],
      "properties": {
        "cnr_id": "comfy-core",
        "ver": "0.3.75",
        "Node name for S&R": "CLIPLoader"
      },
      "widgets_values": ["qwen_3_4b.safetensors", "lumina2", "default"]
    },
    {
      "id": 16,
      "type": "UNETLoader",
      "pos": [80, 60],
      "size": [270, 82],
      "flags": {},
      "order": 4,
      "mode": 0,
      "inputs": [
        {
          "localized_name": "UNet 모델 파일명",
          "name": "unet_name",
          "type": "COMBO",
          "widget": { "name": "unet_name" },
          "link": null
        },
        {
          "localized_name": "가중치 데이터 유형",
          "name": "weight_dtype",
          "type": "COMBO",
          "widget": { "name": "weight_dtype" },
          "link": null
        }
      ],
      "outputs": [
        {
          "localized_name": "모델",
          "name": "MODEL",
          "type": "MODEL",
          "links": [42]
        }
      ],
      "properties": {
        "cnr_id": "comfy-core",
        "ver": "0.3.75",
        "Node name for S&R": "UNETLoader"
      },
      "widgets_values": ["z_image_turbo_bf16.safetensors", "default"]
    },
    {
      "id": 11,
      "type": "ModelSamplingAuraFlow",
      "pos": [390, 60],
      "size": [315, 58],
      "flags": {},
      "order": 7,
      "mode": 4,
      "inputs": [
        {
          "localized_name": "모델",
          "name": "model",
          "type": "MODEL",
          "link": 42
        },
        {
          "localized_name": "시프트",
          "name": "shift",
          "type": "FLOAT",
          "widget": { "name": "shift" },
          "link": null
        }
      ],
      "outputs": [
        {
          "localized_name": "모델",
          "name": "MODEL",
          "type": "MODEL",
          "slot_index": 0,
          "links": [47]
        }
      ],
      "properties": {
        "cnr_id": "comfy-core",
        "ver": "0.3.75",
        "Node name for S&R": "ModelSamplingAuraFlow"
      },
      "widgets_values": [3]
    },
    {
      "id": 3,
      "type": "KSampler",
      "pos": [863, 186],
      "size": [315, 262],
      "flags": {},
      "order": 8,
      "mode": 0,
      "inputs": [
        {
          "localized_name": "모델",
          "name": "model",
          "type": "MODEL",
          "link": 47
        },
        {
          "localized_name": "긍정 조건",
          "name": "positive",
          "type": "CONDITIONING",
          "link": 4
        },
        {
          "localized_name": "부정 조건",
          "name": "negative",
          "type": "CONDITIONING",
          "link": 6
        },
        {
          "localized_name": "잠재 데이터",
          "name": "latent_image",
          "type": "LATENT",
          "link": 17
        },
        {
          "localized_name": "시드",
          "name": "seed",
          "type": "INT",
          "widget": { "name": "seed" },
          "link": null
        },
        {
          "localized_name": "스텝 수",
          "name": "steps",
          "type": "INT",
          "widget": { "name": "steps" },
          "link": null
        },
        {
          "localized_name": "cfg",
          "name": "cfg",
          "type": "FLOAT",
          "widget": { "name": "cfg" },
          "link": null
        },
        {
          "localized_name": "샘플러 이름",
          "name": "sampler_name",
          "type": "COMBO",
          "widget": { "name": "sampler_name" },
          "link": null
        },
        {
          "localized_name": "스케줄러",
          "name": "scheduler",
          "type": "COMBO",
          "widget": { "name": "scheduler" },
          "link": null
        },
        {
          "localized_name": "노이즈 제거양",
          "name": "denoise",
          "type": "FLOAT",
          "widget": { "name": "denoise" },
          "link": null
        }
      ],
      "outputs": [
        {
          "localized_name": "잠재 데이터",
          "name": "LATENT",
          "type": "LATENT",
          "slot_index": 0,
          "links": [51]
        }
      ],
      "properties": {
        "cnr_id": "comfy-core",
        "ver": "0.3.75",
        "Node name for S&R": "KSampler"
      },
      "widgets_values": [
        182694745432004,
        "randomize",
        9,
        1,
        "euler",
        "simple",
        1
      ]
    },
    {
      "id": 6,
      "type": "CLIPTextEncode",
      "pos": [420, 190],
      "size": [423.83001708984375, 177.11770629882812],
      "flags": {},
      "order": 5,
      "mode": 0,
      "inputs": [
        {
          "localized_name": "clip",
          "name": "clip",
          "type": "CLIP",
          "link": 43
        },
        {
          "localized_name": "프롬프트 텍스트",
          "name": "text",
          "type": "STRING",
          "widget": { "name": "text" },
          "link": null
        }
      ],
      "outputs": [
        {
          "localized_name": "조건",
          "name": "CONDITIONING",
          "type": "CONDITIONING",
          "slot_index": 0,
          "links": [4]
        }
      ],
      "title": "CLIP Text Encode (Positive Prompt)",
      "properties": {
        "cnr_id": "comfy-core",
        "ver": "0.3.75",
        "Node name for S&R": "CLIPTextEncode"
      },
      "widgets_values": [
        "cute anime style girl with massive fluffy fennec ears and a big fluffy tail blonde messy long hair blue eyes wearing a maid outfit with a long black gold leaf pattern dress and a white apron, it is a postcard held by a hand in front of a beautiful realistic city at sunset and there is cursive writing that says \"ZImage, Now in ComfyUI\""
      ],
      "color": "#232",
      "bgcolor": "#353"
    }
  ],
  "links": [
    [4, 6, 0, 3, 1, "CONDITIONING"],
    [6, 7, 0, 3, 2, "CONDITIONING"],
    [16, 8, 0, 9, 0, "IMAGE"],
    [17, 13, 0, 3, 3, "LATENT"],
    [42, 16, 0, 11, 0, "MODEL"],
    [43, 18, 0, 6, 0, "CLIP"],
    [44, 18, 0, 7, 0, "CLIP"],
    [45, 17, 0, 8, 1, "VAE"],
    [47, 11, 0, 3, 0, "MODEL"],
    [51, 3, 0, 8, 0, "LATENT"]
  ],
  "groups": [],
  "config": {},
  "extra": {
    "ds": {
      "scale": 1.015255979947737,
      "offset": [145.07924459945352, 117.9617369893448]
    },
    "frontendVersion": "1.30.6",
    "workflowRendererVersion": "LG"
  },
  "version": 0.4
}
