{
  "1": {
    "inputs": {
      "ckpt_name": "z_image_turbo_bf16.safetensors"
    },
    "class_type": "CheckpointLoaderSimple",
    "_meta": {
      "title": "Load Checkpoint"
    }
  },
  "2": {
    "inputs": {
      "width": 1024,
      "height": 1024,
      "batch_size": 1
    },
    "class_type": "EmptySD3LatentImage",
    "_meta": {
      "title": "Empty SD3 Latent Image"
    }
  },
  "3": {
    "inputs": {
      "text": "cute anime style girl with massive fluffy fennec ears and a big fluffy tail blonde messy long hair blue eyes wearing a maid outfit with a long black gold leaf pattern dress and a white apron, it is a postcard held by a hand in front of a beautiful realistic city at sunset and there is cursive writing that says \"ZImage, Now in ComfyUI\"",
      "clip": [
        "1",
        1
      ]
    },
    "class_type": "CLIPTextEncode",
    "_meta": {
      "title": "CLIP Text Encode (Positive Prompt)"
    }
  },
  "4": {
    "inputs": {
      "text": "blurry ugly bad",
      "clip": [
        "1",
        1
      ]
    },
    "class_type": "CLIPTextEncode",
    "_meta": {
      "title": "CLIP Text Encode (Negative Prompt)"
    }
  },
  "5": {
    "inputs": {
      "model": [
        "1",
        0
      ],
      "shift": 3
    },
    "class_type": "ModelSamplingAuraFlow",
    "_meta": {
      "title": "Model Sampling AuraFlow"
    }
  },
  "6": {
    "inputs": {
      "seed": 182694745432004,
      "steps": 9,
      "cfg": 1,
      "sampler_name": "euler",
      "scheduler": "simple",
      "denoise": 1,
      "model": [
        "5",
        0
      ],
      "positive": [
        "3",
        0
      ],
      "negative": [
        "4",
        0
      ],
      "latent_image": [
        "2",
        0
      ]
    },
    "class_type": "KSampler",
    "_meta": {
      "title": "KSampler"
    }
  },
  "7": {
    "inputs": {
      "samples": [
        "6",
        0
      ],
      "vae": [
        "1",
        2
      ]
    },
    "class_type": "VAEDecode",
    "_meta": {
      "title": "VAE Decode"
    }
  },
  "8": {
    "inputs": {
      "filename_prefix": "ComfyUI",
      "images": [
        "7",
        0
      ]
    },
    "class_type": "SaveImage",
    "_meta": {
      "title": "Save Image"
    }
  }
}
